Domain,Area,Element,Item,Year,Unit,Value
"Crops","World","Production","Barley","1961","tonnes","72411104"
"Crops","World","Production","Barley","1962","tonnes","88396959"
"Crops","World","Production","Barley","1963","tonnes","90385850"
"Crops","World","Production","Barley","1964","tonnes","95524923"
"Crops","World","Production","Barley","1965","tonnes","92617012"
"Crops","World","Production","Barley","1966","tonnes","100425696"
"Crops","World","Production","Barley","1967","tonnes","103177495"
"Crops","World","Production","Barley","1968","tonnes","113504505"
"Crops","World","Production","Barley","1969","tonnes","118006371"
"Crops","World","Production","Barley","1970","tonnes","119378695"
"Crops","World","Production","Barley","1971","tonnes","131237044"
"Crops","World","Production","Barley","1972","tonnes","132963909"
"Crops","World","Production","Barley","1973","tonnes","146966081"
"Crops","World","Production","Barley","1974","tonnes","148818870"
"Crops","World","Production","Barley","1975","tonnes","135491720"
"Crops","World","Production","Barley","1976","tonnes","166595806"
"Crops","World","Production","Barley","1977","tonnes","156386493"
"Crops","World","Production","Barley","1978","tonnes","174929309"
"Crops","World","Production","Barley","1979","tonnes","154989948"
"Crops","World","Production","Barley","1980","tonnes","156702822"
"Crops","World","Production","Barley","1981","tonnes","149602582"
"Crops","World","Production","Barley","1982","tonnes","161352537"
"Crops","World","Production","Barley","1983","tonnes","159470171"
"Crops","World","Production","Barley","1984","tonnes","169433845"
"Crops","World","Production","Barley","1985","tonnes","172618338"
"Crops","World","Production","Barley","1986","tonnes","177169275"
"Crops","World","Production","Barley","1987","tonnes","175288684"
"Crops","World","Production","Barley","1988","tonnes","163396406"
"Crops","World","Production","Barley","1989","tonnes","164166455"
"Crops","World","Production","Barley","1990","tonnes","178074020"
"Crops","World","Production","Barley","1991","tonnes","169576979"
"Crops","World","Production","Barley","1992","tonnes","165527881"
"Crops","World","Production","Barley","1993","tonnes","169537557"
"Crops","World","Production","Barley","1994","tonnes","161013838"
"Crops","World","Production","Barley","1995","tonnes","140719168"
"Crops","World","Production","Barley","1996","tonnes","155011848"
"Crops","World","Production","Barley","1997","tonnes","154358297"
"Crops","World","Production","Barley","1998","tonnes","137406074"
"Crops","World","Production","Barley","1999","tonnes","128080281"
"Crops","World","Production","Barley","2000","tonnes","133107721"
"Crops","World","Production","Barley","2001","tonnes","140594348"
"Crops","World","Production","Barley","2002","tonnes","141025111"
"Crops","World","Production","Barley","2003","tonnes","136539386"
"Crops","World","Production","Barley","2004","tonnes","156262167"
"Crops","World","Production","Barley","2005","tonnes","136737092"
"Crops","World","Production","Barley","2006","tonnes","144486118"
"Crops","World","Production","Barley","2007","tonnes","131134438"
"Crops","World","Production","Barley","2008","tonnes","153795026"
"Crops","World","Production","Barley","2009","tonnes","150769722"
"Crops","World","Production","Barley","2010","tonnes","123303344"
"Crops","World","Production","Barley","2011","tonnes","132733302"
"Crops","World","Production","Barley","2012","tonnes","132213548"
"Crops","World","Production","Barley","2013","tonnes","143421287"
"Crops","World","Production","Barley","2014","tonnes","144487586"
"Crops","World","Production","Barley","2015","tonnes","148455619"
"Crops","World","Production","Barley","2016","tonnes","141277993"
"Crops","World","Production","Buckwheat","1961","tonnes","2479596"
"Crops","World","Production","Buckwheat","1962","tonnes","2648790"
"Crops","World","Production","Buckwheat","1963","tonnes","2039149"
"Crops","World","Production","Buckwheat","1964","tonnes","2201085"
"Crops","World","Production","Buckwheat","1965","tonnes","2695458"
"Crops","World","Production","Buckwheat","1966","tonnes","2578392"
"Crops","World","Production","Buckwheat","1967","tonnes","2777463"
"Crops","World","Production","Buckwheat","1968","tonnes","2965281"
"Crops","World","Production","Buckwheat","1969","tonnes","3078816"
"Crops","World","Production","Buckwheat","1970","tonnes","3028054"
"Crops","World","Production","Buckwheat","1971","tonnes","3188992"
"Crops","World","Production","Buckwheat","1972","tonnes","2858577"
"Crops","World","Production","Buckwheat","1973","tonnes","3491936"
"Crops","World","Production","Buckwheat","1974","tonnes","3420126"
"Crops","World","Production","Buckwheat","1975","tonnes","3291786"
"Crops","World","Production","Buckwheat","1976","tonnes","3475938"
"Crops","World","Production","Buckwheat","1977","tonnes","3074767"
"Crops","World","Production","Buckwheat","1978","tonnes","3659921"
"Crops","World","Production","Buckwheat","1979","tonnes","3756677"
"Crops","World","Production","Buckwheat","1980","tonnes","3259645"
"Crops","World","Production","Buckwheat","1981","tonnes","3399060"
"Crops","World","Production","Buckwheat","1982","tonnes","3579833"
"Crops","World","Production","Buckwheat","1983","tonnes","3569416"
"Crops","World","Production","Buckwheat","1984","tonnes","3851523"
"Crops","World","Production","Buckwheat","1985","tonnes","3309663"
"Crops","World","Production","Buckwheat","1986","tonnes","2923462"
"Crops","World","Production","Buckwheat","1987","tonnes","3511265"
"Crops","World","Production","Buckwheat","1988","tonnes","3118065"
"Crops","World","Production","Buckwheat","1989","tonnes","3141949"
"Crops","World","Production","Buckwheat","1990","tonnes","3622635"
"Crops","World","Production","Buckwheat","1991","tonnes","3983960"
"Crops","World","Production","Buckwheat","1992","tonnes","4975131"
"Crops","World","Production","Buckwheat","1993","tonnes","4259560"
"Crops","World","Production","Buckwheat","1994","tonnes","3775893"
"Crops","World","Production","Buckwheat","1995","tonnes","3469649"
"Crops","World","Production","Buckwheat","1996","tonnes","3271627"
"Crops","World","Production","Buckwheat","1997","tonnes","3694915"
"Crops","World","Production","Buckwheat","1998","tonnes","3096826"
"Crops","World","Production","Buckwheat","1999","tonnes","2789537"
"Crops","World","Production","Buckwheat","2000","tonnes","3780857"
"Crops","World","Production","Buckwheat","2001","tonnes","2591975"
"Crops","World","Production","Buckwheat","2002","tonnes","1831261"
"Crops","World","Production","Buckwheat","2003","tonnes","2570975"
"Crops","World","Production","Buckwheat","2004","tonnes","2292753"
"Crops","World","Production","Buckwheat","2005","tonnes","2082813"
"Crops","World","Production","Buckwheat","2006","tonnes","1940679"
"Crops","World","Production","Buckwheat","2007","tonnes","2378859"
"Crops","World","Production","Buckwheat","2008","tonnes","2220119"
"Crops","World","Production","Buckwheat","2009","tonnes","1798383"
"Crops","World","Production","Buckwheat","2010","tonnes","1453880"
"Crops","World","Production","Buckwheat","2011","tonnes","2367160"
"Crops","World","Production","Buckwheat","2012","tonnes","2262982"
"Crops","World","Production","Buckwheat","2013","tonnes","2263765"
"Crops","World","Production","Buckwheat","2014","tonnes","1925288"
"Crops","World","Production","Buckwheat","2015","tonnes","2025420"
"Crops","World","Production","Buckwheat","2016","tonnes","2395822"
"Crops","World","Production","Canary seed","1961","tonnes","61026"
"Crops","World","Production","Canary seed","1962","tonnes","97842"
"Crops","World","Production","Canary seed","1963","tonnes","77619"
"Crops","World","Production","Canary seed","1964","tonnes","73052"
"Crops","World","Production","Canary seed","1965","tonnes","57906"
"Crops","World","Production","Canary seed","1966","tonnes","47408"
"Crops","World","Production","Canary seed","1967","tonnes","51933"
"Crops","World","Production","Canary seed","1968","tonnes","53691"
"Crops","World","Production","Canary seed","1969","tonnes","95780"
"Crops","World","Production","Canary seed","1970","tonnes","169588"
"Crops","World","Production","Canary seed","1971","tonnes","91066"
"Crops","World","Production","Canary seed","1972","tonnes","67823"
"Crops","World","Production","Canary seed","1973","tonnes","73249"
"Crops","World","Production","Canary seed","1974","tonnes","70066"
"Crops","World","Production","Canary seed","1975","tonnes","74175"
"Crops","World","Production","Canary seed","1976","tonnes","105632"
"Crops","World","Production","Canary seed","1977","tonnes","87370"
"Crops","World","Production","Canary seed","1978","tonnes","128853"
"Crops","World","Production","Canary seed","1979","tonnes","86067"
"Crops","World","Production","Canary seed","1980","tonnes","88603"
"Crops","World","Production","Canary seed","1981","tonnes","85291"
"Crops","World","Production","Canary seed","1982","tonnes","117265"
"Crops","World","Production","Canary seed","1983","tonnes","162021"
"Crops","World","Production","Canary seed","1984","tonnes","123721"
"Crops","World","Production","Canary seed","1985","tonnes","126316"
"Crops","World","Production","Canary seed","1986","tonnes","180857"
"Crops","World","Production","Canary seed","1987","tonnes","186296"
"Crops","World","Production","Canary seed","1988","tonnes","133065"
"Crops","World","Production","Canary seed","1989","tonnes","203704"
"Crops","World","Production","Canary seed","1990","tonnes","254245"
"Crops","World","Production","Canary seed","1991","tonnes","194317"
"Crops","World","Production","Canary seed","1992","tonnes","193466"
"Crops","World","Production","Canary seed","1993","tonnes","204372"
"Crops","World","Production","Canary seed","1994","tonnes","300664"
"Crops","World","Production","Canary seed","1995","tonnes","216382"
"Crops","World","Production","Canary seed","1996","tonnes","347375"
"Crops","World","Production","Canary seed","1997","tonnes","168775"
"Crops","World","Production","Canary seed","1998","tonnes","307289"
"Crops","World","Production","Canary seed","1999","tonnes","217034"
"Crops","World","Production","Canary seed","2000","tonnes","215063"
"Crops","World","Production","Canary seed","2001","tonnes","150071"
"Crops","World","Production","Canary seed","2002","tonnes","225499"
"Crops","World","Production","Canary seed","2003","tonnes","300208"
"Crops","World","Production","Canary seed","2004","tonnes","377926"
"Crops","World","Production","Canary seed","2005","tonnes","296418"
"Crops","World","Production","Canary seed","2006","tonnes","193605"
"Crops","World","Production","Canary seed","2007","tonnes","216576"
"Crops","World","Production","Canary seed","2008","tonnes","257815"
"Crops","World","Production","Canary seed","2009","tonnes","254848"
"Crops","World","Production","Canary seed","2010","tonnes","211135"
"Crops","World","Production","Canary seed","2011","tonnes","201924"
"Crops","World","Production","Canary seed","2012","tonnes","222470"
"Crops","World","Production","Canary seed","2013","tonnes","195407"
"Crops","World","Production","Canary seed","2014","tonnes","224922"
"Crops","World","Production","Canary seed","2015","tonnes","232195"
"Crops","World","Production","Canary seed","2016","tonnes","232524"
"Crops","World","Production","Cereals, nes","1961","tonnes","1352700"
"Crops","World","Production","Cereals, nes","1962","tonnes","1388458"
"Crops","World","Production","Cereals, nes","1963","tonnes","1428040"
"Crops","World","Production","Cereals, nes","1964","tonnes","1511630"
"Crops","World","Production","Cereals, nes","1965","tonnes","1568678"
"Crops","World","Production","Cereals, nes","1966","tonnes","1497633"
"Crops","World","Production","Cereals, nes","1967","tonnes","1508841"
"Crops","World","Production","Cereals, nes","1968","tonnes","1531306"
"Crops","World","Production","Cereals, nes","1969","tonnes","1515151"
"Crops","World","Production","Cereals, nes","1970","tonnes","1564913"
"Crops","World","Production","Cereals, nes","1971","tonnes","1546419"
"Crops","World","Production","Cereals, nes","1972","tonnes","1581206"
"Crops","World","Production","Cereals, nes","1973","tonnes","1423973"
"Crops","World","Production","Cereals, nes","1974","tonnes","1529156"
"Crops","World","Production","Cereals, nes","1975","tonnes","1078729"
"Crops","World","Production","Cereals, nes","1976","tonnes","1246207"
"Crops","World","Production","Cereals, nes","1977","tonnes","1191050"
"Crops","World","Production","Cereals, nes","1978","tonnes","1371095"
"Crops","World","Production","Cereals, nes","1979","tonnes","1345509"
"Crops","World","Production","Cereals, nes","1980","tonnes","1677903"
"Crops","World","Production","Cereals, nes","1981","tonnes","1561669"
"Crops","World","Production","Cereals, nes","1982","tonnes","1334115"
"Crops","World","Production","Cereals, nes","1983","tonnes","1608338"
"Crops","World","Production","Cereals, nes","1984","tonnes","1297133"
"Crops","World","Production","Cereals, nes","1985","tonnes","1179367"
"Crops","World","Production","Cereals, nes","1986","tonnes","1170784"
"Crops","World","Production","Cereals, nes","1987","tonnes","1273950"
"Crops","World","Production","Cereals, nes","1988","tonnes","1257753"
"Crops","World","Production","Cereals, nes","1989","tonnes","1547063"
"Crops","World","Production","Cereals, nes","1990","tonnes","1377981"
"Crops","World","Production","Cereals, nes","1991","tonnes","2299470"
"Crops","World","Production","Cereals, nes","1992","tonnes","1747860"
"Crops","World","Production","Cereals, nes","1993","tonnes","1777443"
"Crops","World","Production","Cereals, nes","1994","tonnes","1813212"
"Crops","World","Production","Cereals, nes","1995","tonnes","1819578"
"Crops","World","Production","Cereals, nes","1996","tonnes","2260135"
"Crops","World","Production","Cereals, nes","1997","tonnes","2547245"
"Crops","World","Production","Cereals, nes","1998","tonnes","1911593"
"Crops","World","Production","Cereals, nes","1999","tonnes","2337776"
"Crops","World","Production","Cereals, nes","2000","tonnes","2299659"
"Crops","World","Production","Cereals, nes","2001","tonnes","2488199"
"Crops","World","Production","Cereals, nes","2002","tonnes","2342489"
"Crops","World","Production","Cereals, nes","2003","tonnes","2856954"
"Crops","World","Production","Cereals, nes","2004","tonnes","3064679"
"Crops","World","Production","Cereals, nes","2005","tonnes","4068146"
"Crops","World","Production","Cereals, nes","2006","tonnes","3328904"
"Crops","World","Production","Cereals, nes","2007","tonnes","3799315"
"Crops","World","Production","Cereals, nes","2008","tonnes","3808606"
"Crops","World","Production","Cereals, nes","2009","tonnes","4396810"
"Crops","World","Production","Cereals, nes","2010","tonnes","5624483"
"Crops","World","Production","Cereals, nes","2011","tonnes","4869357"
"Crops","World","Production","Cereals, nes","2012","tonnes","5476533"
"Crops","World","Production","Cereals, nes","2013","tonnes","6150540"
"Crops","World","Production","Cereals, nes","2014","tonnes","6538283"
"Crops","World","Production","Cereals, nes","2015","tonnes","7109386"
"Crops","World","Production","Cereals, nes","2016","tonnes","6947712"
"Crops","World","Production","Fonio","1961","tonnes","178483"
"Crops","World","Production","Fonio","1962","tonnes","174556"
"Crops","World","Production","Fonio","1963","tonnes","176885"
"Crops","World","Production","Fonio","1964","tonnes","184645"
"Crops","World","Production","Fonio","1965","tonnes","180870"
"Crops","World","Production","Fonio","1966","tonnes","182563"
"Crops","World","Production","Fonio","1967","tonnes","185815"
"Crops","World","Production","Fonio","1968","tonnes","185600"
"Crops","World","Production","Fonio","1969","tonnes","176200"
"Crops","World","Production","Fonio","1970","tonnes","174490"
"Crops","World","Production","Fonio","1971","tonnes","156600"
"Crops","World","Production","Fonio","1972","tonnes","163050"
"Crops","World","Production","Fonio","1973","tonnes","161592"
"Crops","World","Production","Fonio","1974","tonnes","161480"
"Crops","World","Production","Fonio","1975","tonnes","168125"
"Crops","World","Production","Fonio","1976","tonnes","167225"
"Crops","World","Production","Fonio","1977","tonnes","159685"
"Crops","World","Production","Fonio","1978","tonnes","154129"
"Crops","World","Production","Fonio","1979","tonnes","131581"
"Crops","World","Production","Fonio","1980","tonnes","148667"
"Crops","World","Production","Fonio","1981","tonnes","167556"
"Crops","World","Production","Fonio","1982","tonnes","140758"
"Crops","World","Production","Fonio","1983","tonnes","166632"
"Crops","World","Production","Fonio","1984","tonnes","181184"
"Crops","World","Production","Fonio","1985","tonnes","182381"
"Crops","World","Production","Fonio","1986","tonnes","179570"
"Crops","World","Production","Fonio","1987","tonnes","178315"
"Crops","World","Production","Fonio","1988","tonnes","190970"
"Crops","World","Production","Fonio","1989","tonnes","178866"
"Crops","World","Production","Fonio","1990","tonnes","173885"
"Crops","World","Production","Fonio","1991","tonnes","185582"
"Crops","World","Production","Fonio","1992","tonnes","164514"
"Crops","World","Production","Fonio","1993","tonnes","206916"
"Crops","World","Production","Fonio","1994","tonnes","192264"
"Crops","World","Production","Fonio","1995","tonnes","213958"
"Crops","World","Production","Fonio","1996","tonnes","218267"
"Crops","World","Production","Fonio","1997","tonnes","223016"
"Crops","World","Production","Fonio","1998","tonnes","236238"
"Crops","World","Production","Fonio","1999","tonnes","258138"
"Crops","World","Production","Fonio","2000","tonnes","309958"
"Crops","World","Production","Fonio","2001","tonnes","312664"
"Crops","World","Production","Fonio","2002","tonnes","318391"
"Crops","World","Production","Fonio","2003","tonnes","328270"
"Crops","World","Production","Fonio","2004","tonnes","338413"
"Crops","World","Production","Fonio","2005","tonnes","371086"
"Crops","World","Production","Fonio","2006","tonnes","366858"
"Crops","World","Production","Fonio","2007","tonnes","372624"
"Crops","World","Production","Fonio","2008","tonnes","483327"
"Crops","World","Production","Fonio","2009","tonnes","505183"
"Crops","World","Production","Fonio","2010","tonnes","559794"
"Crops","World","Production","Fonio","2011","tonnes","581570"
"Crops","World","Production","Fonio","2012","tonnes","575552"
"Crops","World","Production","Fonio","2013","tonnes","610165"
"Crops","World","Production","Fonio","2014","tonnes","620071"
"Crops","World","Production","Fonio","2015","tonnes","619624"
"Crops","World","Production","Fonio","2016","tonnes","645181"
"Crops","World","Production","Grain, mixed","1961","tonnes","5983643"
"Crops","World","Production","Grain, mixed","1962","tonnes","6581445"
"Crops","World","Production","Grain, mixed","1963","tonnes","6571532"
"Crops","World","Production","Grain, mixed","1964","tonnes","6552228"
"Crops","World","Production","Grain, mixed","1965","tonnes","6301321"
"Crops","World","Production","Grain, mixed","1966","tonnes","5997030"
"Crops","World","Production","Grain, mixed","1967","tonnes","6167127"
"Crops","World","Production","Grain, mixed","1968","tonnes","6297983"
"Crops","World","Production","Grain, mixed","1969","tonnes","6323133"
"Crops","World","Production","Grain, mixed","1970","tonnes","6120378"
"Crops","World","Production","Grain, mixed","1971","tonnes","6727412"
"Crops","World","Production","Grain, mixed","1972","tonnes","6703897"
"Crops","World","Production","Grain, mixed","1973","tonnes","6560903"
"Crops","World","Production","Grain, mixed","1974","tonnes","6397249"
"Crops","World","Production","Grain, mixed","1975","tonnes","6119545"
"Crops","World","Production","Grain, mixed","1976","tonnes","5461742"
"Crops","World","Production","Grain, mixed","1977","tonnes","5548071"
"Crops","World","Production","Grain, mixed","1978","tonnes","5722787"
"Crops","World","Production","Grain, mixed","1979","tonnes","5427337"
"Crops","World","Production","Grain, mixed","1980","tonnes","5257650"
"Crops","World","Production","Grain, mixed","1981","tonnes","5581744"
"Crops","World","Production","Grain, mixed","1982","tonnes","6129214"
"Crops","World","Production","Grain, mixed","1983","tonnes","4990024"
"Crops","World","Production","Grain, mixed","1984","tonnes","5558983"
"Crops","World","Production","Grain, mixed","1985","tonnes","5670090"
"Crops","World","Production","Grain, mixed","1986","tonnes","5718891"
"Crops","World","Production","Grain, mixed","1987","tonnes","5726844"
"Crops","World","Production","Grain, mixed","1988","tonnes","5184522"
"Crops","World","Production","Grain, mixed","1989","tonnes","5259657"
"Crops","World","Production","Grain, mixed","1990","tonnes","5306051"
"Crops","World","Production","Grain, mixed","1991","tonnes","5434287"
"Crops","World","Production","Grain, mixed","1992","tonnes","4101718"
"Crops","World","Production","Grain, mixed","1993","tonnes","4697872"
"Crops","World","Production","Grain, mixed","1994","tonnes","4417137"
"Crops","World","Production","Grain, mixed","1995","tonnes","5229339"
"Crops","World","Production","Grain, mixed","1996","tonnes","5057552"
"Crops","World","Production","Grain, mixed","1997","tonnes","5654638"
"Crops","World","Production","Grain, mixed","1998","tonnes","5627780"
"Crops","World","Production","Grain, mixed","1999","tonnes","5151267"
"Crops","World","Production","Grain, mixed","2000","tonnes","4299794"
"Crops","World","Production","Grain, mixed","2001","tonnes","5173412"
"Crops","World","Production","Grain, mixed","2002","tonnes","4930542"
"Crops","World","Production","Grain, mixed","2003","tonnes","4748082"
"Crops","World","Production","Grain, mixed","2004","tonnes","5482714"
"Crops","World","Production","Grain, mixed","2005","tonnes","4938049"
"Crops","World","Production","Grain, mixed","2006","tonnes","4423781"
"Crops","World","Production","Grain, mixed","2007","tonnes","5156251"
"Crops","World","Production","Grain, mixed","2008","tonnes","4518230"
"Crops","World","Production","Grain, mixed","2009","tonnes","4791379"
"Crops","World","Production","Grain, mixed","2010","tonnes","4174020"
"Crops","World","Production","Grain, mixed","2011","tonnes","4215742"
"Crops","World","Production","Grain, mixed","2012","tonnes","4774576"
"Crops","World","Production","Grain, mixed","2013","tonnes","3831830"
"Crops","World","Production","Grain, mixed","2014","tonnes","3748100"
"Crops","World","Production","Grain, mixed","2015","tonnes","2950991"
"Crops","World","Production","Grain, mixed","2016","tonnes","3032816"
"Crops","World","Production","Maize","1961","tonnes","205027583"
"Crops","World","Production","Maize","1962","tonnes","204876937"
"Crops","World","Production","Maize","1963","tonnes","220228333"
"Crops","World","Production","Maize","1964","tonnes","215172627"
"Crops","World","Production","Maize","1965","tonnes","226544256"
"Crops","World","Production","Maize","1966","tonnes","245599160"
"Crops","World","Production","Maize","1967","tonnes","272548473"
"Crops","World","Production","Maize","1968","tonnes","255670551"
"Crops","World","Production","Maize","1969","tonnes","269506068"
"Crops","World","Production","Maize","1970","tonnes","265831145"
"Crops","World","Production","Maize","1971","tonnes","313622622"
"Crops","World","Production","Maize","1972","tonnes","308826290"
"Crops","World","Production","Maize","1973","tonnes","318290469"
"Crops","World","Production","Maize","1974","tonnes","306427347"
"Crops","World","Production","Maize","1975","tonnes","341751971"
"Crops","World","Production","Maize","1976","tonnes","352395866"
"Crops","World","Production","Maize","1977","tonnes","371593355"
"Crops","World","Production","Maize","1978","tonnes","393600091"
"Crops","World","Production","Maize","1979","tonnes","418622993"
"Crops","World","Production","Maize","1980","tonnes","396623388"
"Crops","World","Production","Maize","1981","tonnes","446772517"
"Crops","World","Production","Maize","1982","tonnes","448932280"
"Crops","World","Production","Maize","1983","tonnes","347082034"
"Crops","World","Production","Maize","1984","tonnes","450449992"
"Crops","World","Production","Maize","1985","tonnes","485527301"
"Crops","World","Production","Maize","1986","tonnes","478176622"
"Crops","World","Production","Maize","1987","tonnes","453115794"
"Crops","World","Production","Maize","1988","tonnes","403050234"
"Crops","World","Production","Maize","1989","tonnes","476874503"
"Crops","World","Production","Maize","1990","tonnes","483620724"
"Crops","World","Production","Maize","1991","tonnes","494393020"
"Crops","World","Production","Maize","1992","tonnes","533774898"
"Crops","World","Production","Maize","1993","tonnes","477207493"
"Crops","World","Production","Maize","1994","tonnes","568650520"
"Crops","World","Production","Maize","1995","tonnes","517286851"
"Crops","World","Production","Maize","1996","tonnes","586134845"
"Crops","World","Production","Maize","1997","tonnes","584401847"
"Crops","World","Production","Maize","1998","tonnes","615072804"
"Crops","World","Production","Maize","1999","tonnes","607426254"
"Crops","World","Production","Maize","2000","tonnes","592030667"
"Crops","World","Production","Maize","2001","tonnes","615143531"
"Crops","World","Production","Maize","2002","tonnes","603544019"
"Crops","World","Production","Maize","2003","tonnes","645048171"
"Crops","World","Production","Maize","2004","tonnes","729511789"
"Crops","World","Production","Maize","2005","tonnes","714185792"
"Crops","World","Production","Maize","2006","tonnes","707932497"
"Crops","World","Production","Maize","2007","tonnes","793055503"
"Crops","World","Production","Maize","2008","tonnes","829236755"
"Crops","World","Production","Maize","2009","tonnes","820069886"
"Crops","World","Production","Maize","2010","tonnes","851348928"
"Crops","World","Production","Maize","2011","tonnes","886007062"
"Crops","World","Production","Maize","2012","tonnes","874240510"
"Crops","World","Production","Maize","2013","tonnes","1015400446"
"Crops","World","Production","Maize","2014","tonnes","1038330655"
"Crops","World","Production","Maize","2015","tonnes","1010609468"
"Crops","World","Production","Maize","2016","tonnes","1060107470"
"Crops","World","Production","Millet","1961","tonnes","25714068"
"Crops","World","Production","Millet","1962","tonnes","24160729"
"Crops","World","Production","Millet","1963","tonnes","25036427"
"Crops","World","Production","Millet","1964","tonnes","27292542"
"Crops","World","Production","Millet","1965","tonnes","23307950"
"Crops","World","Production","Millet","1966","tonnes","26976859"
"Crops","World","Production","Millet","1967","tonnes","29837771"
"Crops","World","Production","Millet","1968","tonnes","26806393"
"Crops","World","Production","Millet","1969","tonnes","30545349"
"Crops","World","Production","Millet","1970","tonnes","33274862"
"Crops","World","Production","Millet","1971","tonnes","29747215"
"Crops","World","Production","Millet","1972","tonnes","24281371"
"Crops","World","Production","Millet","1973","tonnes","31843997"
"Crops","World","Production","Millet","1974","tonnes","27665306"
"Crops","World","Production","Millet","1975","tonnes","27405978"
"Crops","World","Production","Millet","1976","tonnes","27490830"
"Crops","World","Production","Millet","1977","tonnes","26600727"
"Crops","World","Production","Millet","1978","tonnes","28452598"
"Crops","World","Production","Millet","1979","tonnes","24310666"
"Crops","World","Production","Millet","1980","tonnes","24853542"
"Crops","World","Production","Millet","1981","tonnes","26956983"
"Crops","World","Production","Millet","1982","tonnes","26140792"
"Crops","World","Production","Millet","1983","tonnes","31080067"
"Crops","World","Production","Millet","1984","tonnes","27071433"
"Crops","World","Production","Millet","1985","tonnes","27271341"
"Crops","World","Production","Millet","1986","tonnes","26187438"
"Crops","World","Production","Millet","1987","tonnes","25136984"
"Crops","World","Production","Millet","1988","tonnes","30654936"
"Crops","World","Production","Millet","1989","tonnes","30004689"
"Crops","World","Production","Millet","1990","tonnes","30004311"
"Crops","World","Production","Millet","1991","tonnes","25041572"
"Crops","World","Production","Millet","1992","tonnes","29936291"
"Crops","World","Production","Millet","1993","tonnes","26515642"
"Crops","World","Production","Millet","1994","tonnes","28050180"
"Crops","World","Production","Millet","1995","tonnes","25819622"
"Crops","World","Production","Millet","1996","tonnes","28595613"
"Crops","World","Production","Millet","1997","tonnes","27459403"
"Crops","World","Production","Millet","1998","tonnes","29080187"
"Crops","World","Production","Millet","1999","tonnes","27321979"
"Crops","World","Production","Millet","2000","tonnes","27673741"
"Crops","World","Production","Millet","2001","tonnes","28906696"
"Crops","World","Production","Millet","2002","tonnes","23958776"
"Crops","World","Production","Millet","2003","tonnes","34823880"
"Crops","World","Production","Millet","2004","tonnes","29641365"
"Crops","World","Production","Millet","2005","tonnes","31004888"
"Crops","World","Production","Millet","2006","tonnes","32000224"
"Crops","World","Production","Millet","2007","tonnes","33669294"
"Crops","World","Production","Millet","2008","tonnes","34401318"
"Crops","World","Production","Millet","2009","tonnes","25915085"
"Crops","World","Production","Millet","2010","tonnes","32805831"
"Crops","World","Production","Millet","2011","tonnes","27058875"
"Crops","World","Production","Millet","2012","tonnes","26649147"
"Crops","World","Production","Millet","2013","tonnes","26413944"
"Crops","World","Production","Millet","2014","tonnes","28442614"
"Crops","World","Production","Millet","2015","tonnes","28624098"
"Crops","World","Production","Millet","2016","tonnes","28357451"
"Crops","World","Production","Oats","1961","tonnes","49588769"
"Crops","World","Production","Oats","1962","tonnes","49474859"
"Crops","World","Production","Oats","1963","tonnes","46525676"
"Crops","World","Production","Oats","1964","tonnes","43240949"
"Crops","World","Production","Oats","1965","tonnes","45356066"
"Crops","World","Production","Oats","1966","tonnes","46804132"
"Crops","World","Production","Oats","1967","tonnes","48699016"
"Crops","World","Production","Oats","1968","tonnes","51977882"
"Crops","World","Production","Oats","1969","tonnes","52539433"
"Crops","World","Production","Oats","1970","tonnes","52411105"
"Crops","World","Production","Oats","1971","tonnes","54506300"
"Crops","World","Production","Oats","1972","tonnes","48328646"
"Crops","World","Production","Oats","1973","tonnes","50731657"
"Crops","World","Production","Oats","1974","tonnes","47459212"
"Crops","World","Production","Oats","1975","tonnes","45418289"
"Crops","World","Production","Oats","1976","tonnes","46664881"
"Crops","World","Production","Oats","1977","tonnes","49084598"
"Crops","World","Production","Oats","1978","tonnes","48338998"
"Crops","World","Production","Oats","1979","tonnes","42113687"
"Crops","World","Production","Oats","1980","tonnes","41433288"
"Crops","World","Production","Oats","1981","tonnes","40288464"
"Crops","World","Production","Oats","1982","tonnes","46257248"
"Crops","World","Production","Oats","1983","tonnes","44180637"
"Crops","World","Production","Oats","1984","tonnes","46208500"
"Crops","World","Production","Oats","1985","tonnes","47425037"
"Crops","World","Production","Oats","1986","tonnes","44448539"
"Crops","World","Production","Oats","1987","tonnes","40737519"
"Crops","World","Production","Oats","1988","tonnes","35412694"
"Crops","World","Production","Oats","1989","tonnes","39731041"
"Crops","World","Production","Oats","1990","tonnes","39917119"
"Crops","World","Production","Oats","1991","tonnes","33493667"
"Crops","World","Production","Oats","1992","tonnes","34577088"
"Crops","World","Production","Oats","1993","tonnes","35862422"
"Crops","World","Production","Oats","1994","tonnes","33858880"
"Crops","World","Production","Oats","1995","tonnes","28829910"
"Crops","World","Production","Oats","1996","tonnes","31153520"
"Crops","World","Production","Oats","1997","tonnes","32193956"
"Crops","World","Production","Oats","1998","tonnes","26268522"
"Crops","World","Production","Oats","1999","tonnes","24343797"
"Crops","World","Production","Oats","2000","tonnes","26139923"
"Crops","World","Production","Oats","2001","tonnes","26960107"
"Crops","World","Production","Oats","2002","tonnes","25908374"
"Crops","World","Production","Oats","2003","tonnes","25483544"
"Crops","World","Production","Oats","2004","tonnes","26782060"
"Crops","World","Production","Oats","2005","tonnes","23260833"
"Crops","World","Production","Oats","2006","tonnes","23551008"
"Crops","World","Production","Oats","2007","tonnes","24972804"
"Crops","World","Production","Oats","2008","tonnes","26134366"
"Crops","World","Production","Oats","2009","tonnes","23275800"
"Crops","World","Production","Oats","2010","tonnes","19703339"
"Crops","World","Production","Oats","2011","tonnes","22607484"
"Crops","World","Production","Oats","2012","tonnes","21216193"
"Crops","World","Production","Oats","2013","tonnes","23797171"
"Crops","World","Production","Oats","2014","tonnes","22828921"
"Crops","World","Production","Oats","2015","tonnes","22396331"
"Crops","World","Production","Oats","2016","tonnes","22991780"
"Crops","World","Production","Quinoa","1961","tonnes","32435"
"Crops","World","Production","Quinoa","1962","tonnes","36949"
"Crops","World","Production","Quinoa","1963","tonnes","40812"
"Crops","World","Production","Quinoa","1964","tonnes","30238"
"Crops","World","Production","Quinoa","1965","tonnes","26211"
"Crops","World","Production","Quinoa","1966","tonnes","21455"
"Crops","World","Production","Quinoa","1967","tonnes","22547"
"Crops","World","Production","Quinoa","1968","tonnes","15613"
"Crops","World","Production","Quinoa","1969","tonnes","17903"
"Crops","World","Production","Quinoa","1970","tonnes","17747"
"Crops","World","Production","Quinoa","1971","tonnes","17645"
"Crops","World","Production","Quinoa","1972","tonnes","17742"
"Crops","World","Production","Quinoa","1973","tonnes","19830"
"Crops","World","Production","Quinoa","1974","tonnes","20877"
"Crops","World","Production","Quinoa","1975","tonnes","24642"
"Crops","World","Production","Quinoa","1976","tonnes","25136"
"Crops","World","Production","Quinoa","1977","tonnes","21214"
"Crops","World","Production","Quinoa","1978","tonnes","19391"
"Crops","World","Production","Quinoa","1979","tonnes","16286"
"Crops","World","Production","Quinoa","1980","tonnes","25759"
"Crops","World","Production","Quinoa","1981","tonnes","26252"
"Crops","World","Production","Quinoa","1982","tonnes","32824"
"Crops","World","Production","Quinoa","1983","tonnes","20362"
"Crops","World","Production","Quinoa","1984","tonnes","30847"
"Crops","World","Production","Quinoa","1985","tonnes","29189"
"Crops","World","Production","Quinoa","1986","tonnes","30739"
"Crops","World","Production","Quinoa","1987","tonnes","34127"
"Crops","World","Production","Quinoa","1988","tonnes","39440"
"Crops","World","Production","Quinoa","1989","tonnes","34454"
"Crops","World","Production","Quinoa","1990","tonnes","23012"
"Crops","World","Production","Quinoa","1991","tonnes","38367"
"Crops","World","Production","Quinoa","1992","tonnes","22820"
"Crops","World","Production","Quinoa","1993","tonnes","36779"
"Crops","World","Production","Quinoa","1994","tonnes","36456"
"Crops","World","Production","Quinoa","1995","tonnes","32995"
"Crops","World","Production","Quinoa","1996","tonnes","40123"
"Crops","World","Production","Quinoa","1997","tonnes","50358"
"Crops","World","Production","Quinoa","1998","tonnes","49400"
"Crops","World","Production","Quinoa","1999","tonnes","51849"
"Crops","World","Production","Quinoa","2000","tonnes","52626"
"Crops","World","Production","Quinoa","2001","tonnes","45886"
"Crops","World","Production","Quinoa","2002","tonnes","54846"
"Crops","World","Production","Quinoa","2003","tonnes","55540"
"Crops","World","Production","Quinoa","2004","tonnes","52326"
"Crops","World","Production","Quinoa","2005","tonnes","58443"
"Crops","World","Production","Quinoa","2006","tonnes","57962"
"Crops","World","Production","Quinoa","2007","tonnes","59115"
"Crops","World","Production","Quinoa","2008","tonnes","57777"
"Crops","World","Production","Quinoa","2009","tonnes","74353"
"Crops","World","Production","Quinoa","2010","tonnes","80069"
"Crops","World","Production","Quinoa","2011","tonnes","84644"
"Crops","World","Production","Quinoa","2012","tonnes","97862"
"Crops","World","Production","Quinoa","2013","tonnes","118175"
"Crops","World","Production","Quinoa","2014","tonnes","186147"
"Crops","World","Production","Quinoa","2015","tonnes","193822"
"Crops","World","Production","Quinoa","2016","tonnes","148720"
"Crops","World","Production","Rice, paddy","1961","tonnes","215646633"
"Crops","World","Production","Rice, paddy","1962","tonnes","226456297"
"Crops","World","Production","Rice, paddy","1963","tonnes","247119211"
"Crops","World","Production","Rice, paddy","1964","tonnes","262928956"
"Crops","World","Production","Rice, paddy","1965","tonnes","254059664"
"Crops","World","Production","Rice, paddy","1966","tonnes","261181258"
"Crops","World","Production","Rice, paddy","1967","tonnes","277386363"
"Crops","World","Production","Rice, paddy","1968","tonnes","288624308"
"Crops","World","Production","Rice, paddy","1969","tonnes","295584391"
"Crops","World","Production","Rice, paddy","1970","tonnes","316345703"
"Crops","World","Production","Rice, paddy","1971","tonnes","317712426"
"Crops","World","Production","Rice, paddy","1972","tonnes","307289937"
"Crops","World","Production","Rice, paddy","1973","tonnes","334928838"
"Crops","World","Production","Rice, paddy","1974","tonnes","331970614"
"Crops","World","Production","Rice, paddy","1975","tonnes","356963090"
"Crops","World","Production","Rice, paddy","1976","tonnes","347686462"
"Crops","World","Production","Rice, paddy","1977","tonnes","369481153"
"Crops","World","Production","Rice, paddy","1978","tonnes","385208745"
"Crops","World","Production","Rice, paddy","1979","tonnes","375251758"
"Crops","World","Production","Rice, paddy","1980","tonnes","396871310"
"Crops","World","Production","Rice, paddy","1981","tonnes","410075231"
"Crops","World","Production","Rice, paddy","1982","tonnes","421949049"
"Crops","World","Production","Rice, paddy","1983","tonnes","448016295"
"Crops","World","Production","Rice, paddy","1984","tonnes","465342898"
"Crops","World","Production","Rice, paddy","1985","tonnes","468164572"
"Crops","World","Production","Rice, paddy","1986","tonnes","468675242"
"Crops","World","Production","Rice, paddy","1987","tonnes","461439908"
"Crops","World","Production","Rice, paddy","1988","tonnes","487457902"
"Crops","World","Production","Rice, paddy","1989","tonnes","514421640"
"Crops","World","Production","Rice, paddy","1990","tonnes","518568653"
"Crops","World","Production","Rice, paddy","1991","tonnes","518515198"
"Crops","World","Production","Rice, paddy","1992","tonnes","527880217"
"Crops","World","Production","Rice, paddy","1993","tonnes","529599457"
"Crops","World","Production","Rice, paddy","1994","tonnes","538592267"
"Crops","World","Production","Rice, paddy","1995","tonnes","547161910"
"Crops","World","Production","Rice, paddy","1996","tonnes","568659290"
"Crops","World","Production","Rice, paddy","1997","tonnes","577136813"
"Crops","World","Production","Rice, paddy","1998","tonnes","578813849"
"Crops","World","Production","Rice, paddy","1999","tonnes","611177382"
"Crops","World","Production","Rice, paddy","2000","tonnes","598668913"
"Crops","World","Production","Rice, paddy","2001","tonnes","600246854"
"Crops","World","Production","Rice, paddy","2002","tonnes","571051413"
"Crops","World","Production","Rice, paddy","2003","tonnes","586931536"
"Crops","World","Production","Rice, paddy","2004","tonnes","607348747"
"Crops","World","Production","Rice, paddy","2005","tonnes","634225704"
"Crops","World","Production","Rice, paddy","2006","tonnes","640705682"
"Crops","World","Production","Rice, paddy","2007","tonnes","656556275"
"Crops","World","Production","Rice, paddy","2008","tonnes","687050572"
"Crops","World","Production","Rice, paddy","2009","tonnes","685656732"
"Crops","World","Production","Rice, paddy","2010","tonnes","701108595"
"Crops","World","Production","Rice, paddy","2011","tonnes","726375708"
"Crops","World","Production","Rice, paddy","2012","tonnes","736261173"
"Crops","World","Production","Rice, paddy","2013","tonnes","741986874"
"Crops","World","Production","Rice, paddy","2014","tonnes","742425600"
"Crops","World","Production","Rice, paddy","2015","tonnes","740084696"
"Crops","World","Production","Rice, paddy","2016","tonnes","740961445"
"Crops","World","Production","Rye","1961","tonnes","35109990"
"Crops","World","Production","Rye","1962","tonnes","34824359"
"Crops","World","Production","Rye","1963","tonnes","30485497"
"Crops","World","Production","Rye","1964","tonnes","32668314"
"Crops","World","Production","Rye","1965","tonnes","35362831"
"Crops","World","Production","Rye","1966","tonnes","30807849"
"Crops","World","Production","Rye","1967","tonnes","31443409"
"Crops","World","Production","Rye","1968","tonnes","33025601"
"Crops","World","Production","Rye","1969","tonnes","29428813"
"Crops","World","Production","Rye","1970","tonnes","27677728"
"Crops","World","Production","Rye","1971","tonnes","31694353"
"Crops","World","Production","Rye","1972","tonnes","28677560"
"Crops","World","Production","Rye","1973","tonnes","28960556"
"Crops","World","Production","Rye","1974","tonnes","32520805"
"Crops","World","Production","Rye","1975","tonnes","24306881"
"Crops","World","Production","Rye","1976","tonnes","29638910"
"Crops","World","Production","Rye","1977","tonnes","24033296"
"Crops","World","Production","Rye","1978","tonnes","30926595"
"Crops","World","Production","Rye","1979","tonnes","22660117"
"Crops","World","Production","Rye","1980","tonnes","25377975"
"Crops","World","Production","Rye","1981","tonnes","24851692"
"Crops","World","Production","Rye","1982","tonnes","31108450"
"Crops","World","Production","Rye","1983","tonnes","34862311"
"Crops","World","Production","Rye","1984","tonnes","33841313"
"Crops","World","Production","Rye","1985","tonnes","32045448"
"Crops","World","Production","Rye","1986","tonnes","30414111"
"Crops","World","Production","Rye","1987","tonnes","32511687"
"Crops","World","Production","Rye","1988","tonnes","31036858"
"Crops","World","Production","Rye","1989","tonnes","34672561"
"Crops","World","Production","Rye","1990","tonnes","38193583"
"Crops","World","Production","Rye","1991","tonnes","29020285"
"Crops","World","Production","Rye","1992","tonnes","30490821"
"Crops","World","Production","Rye","1993","tonnes","27468553"
"Crops","World","Production","Rye","1994","tonnes","22878286"
"Crops","World","Production","Rye","1995","tonnes","23208815"
"Crops","World","Production","Rye","1996","tonnes","23068701"
"Crops","World","Production","Rye","1997","tonnes","25318421"
"Crops","World","Production","Rye","1998","tonnes","21117905"
"Crops","World","Production","Rye","1999","tonnes","20208685"
"Crops","World","Production","Rye","2000","tonnes","20121357"
"Crops","World","Production","Rye","2001","tonnes","23339173"
"Crops","World","Production","Rye","2002","tonnes","20925854"
"Crops","World","Production","Rye","2003","tonnes","14605531"
"Crops","World","Production","Rye","2004","tonnes","17687596"
"Crops","World","Production","Rye","2005","tonnes","15159241"
"Crops","World","Production","Rye","2006","tonnes","12650622"
"Crops","World","Production","Rye","2007","tonnes","15173935"
"Crops","World","Production","Rye","2008","tonnes","18083503"
"Crops","World","Production","Rye","2009","tonnes","18218910"
"Crops","World","Production","Rye","2010","tonnes","11936752"
"Crops","World","Production","Rye","2011","tonnes","13105737"
"Crops","World","Production","Rye","2012","tonnes","14496501"
"Crops","World","Production","Rye","2013","tonnes","16660623"
"Crops","World","Production","Rye","2014","tonnes","15249323"
"Crops","World","Production","Rye","2015","tonnes","12995806"
"Crops","World","Production","Rye","2016","tonnes","12944096"
"Crops","World","Production","Sorghum","1961","tonnes","40931625"
"Crops","World","Production","Sorghum","1962","tonnes","43935949"
"Crops","World","Production","Sorghum","1963","tonnes","45891610"
"Crops","World","Production","Sorghum","1964","tonnes","45041450"
"Crops","World","Production","Sorghum","1965","tonnes","46868971"
"Crops","World","Production","Sorghum","1966","tonnes","52435359"
"Crops","World","Production","Sorghum","1967","tonnes","55979285"
"Crops","World","Production","Sorghum","1968","tonnes","53177245"
"Crops","World","Production","Sorghum","1969","tonnes","55541983"
"Crops","World","Production","Sorghum","1970","tonnes","55773304"
"Crops","World","Production","Sorghum","1971","tonnes","61895082"
"Crops","World","Production","Sorghum","1972","tonnes","53718311"
"Crops","World","Production","Sorghum","1973","tonnes","64229079"
"Crops","World","Production","Sorghum","1974","tonnes","61264061"
"Crops","World","Production","Sorghum","1975","tonnes","61902918"
"Crops","World","Production","Sorghum","1976","tonnes","62887474"
"Crops","World","Production","Sorghum","1977","tonnes","66783901"
"Crops","World","Production","Sorghum","1978","tonnes","65614125"
"Crops","World","Production","Sorghum","1979","tonnes","65692202"
"Crops","World","Production","Sorghum","1980","tonnes","57238185"
"Crops","World","Production","Sorghum","1981","tonnes","73278514"
"Crops","World","Production","Sorghum","1982","tonnes","68612256"
"Crops","World","Production","Sorghum","1983","tonnes","61992065"
"Crops","World","Production","Sorghum","1984","tonnes","70701336"
"Crops","World","Production","Sorghum","1985","tonnes","77567348"
"Crops","World","Production","Sorghum","1986","tonnes","69150529"
"Crops","World","Production","Sorghum","1987","tonnes","65251852"
"Crops","World","Production","Sorghum","1988","tonnes","63135752"
"Crops","World","Production","Sorghum","1989","tonnes","59079279"
"Crops","World","Production","Sorghum","1990","tonnes","56807007"
"Crops","World","Production","Sorghum","1991","tonnes","55571944"
"Crops","World","Production","Sorghum","1992","tonnes","70545568"
"Crops","World","Production","Sorghum","1993","tonnes","56950671"
"Crops","World","Production","Sorghum","1994","tonnes","60019785"
"Crops","World","Production","Sorghum","1995","tonnes","54724523"
"Crops","World","Production","Sorghum","1996","tonnes","71409119"
"Crops","World","Production","Sorghum","1997","tonnes","59849934"
"Crops","World","Production","Sorghum","1998","tonnes","61400356"
"Crops","World","Production","Sorghum","1999","tonnes","60044814"
"Crops","World","Production","Sorghum","2000","tonnes","55820990"
"Crops","World","Production","Sorghum","2001","tonnes","59789831"
"Crops","World","Production","Sorghum","2002","tonnes","53442836"
"Crops","World","Production","Sorghum","2003","tonnes","58852775"
"Crops","World","Production","Sorghum","2004","tonnes","58090382"
"Crops","World","Production","Sorghum","2005","tonnes","59557656"
"Crops","World","Production","Sorghum","2006","tonnes","57702254"
"Crops","World","Production","Sorghum","2007","tonnes","62756591"
"Crops","World","Production","Sorghum","2008","tonnes","66351870"
"Crops","World","Production","Sorghum","2009","tonnes","56700851"
"Crops","World","Production","Sorghum","2010","tonnes","60123538"
"Crops","World","Production","Sorghum","2011","tonnes","56651554"
"Crops","World","Production","Sorghum","2012","tonnes","57183553"
"Crops","World","Production","Sorghum","2013","tonnes","61752570"
"Crops","World","Production","Sorghum","2014","tonnes","68237439"
"Crops","World","Production","Sorghum","2015","tonnes","65924626"
"Crops","World","Production","Sorghum","2016","tonnes","63930558"
"Crops","World","Production","Triticale","1961","tonnes",""
"Crops","World","Production","Triticale","1962","tonnes",""
"Crops","World","Production","Triticale","1963","tonnes",""
"Crops","World","Production","Triticale","1964","tonnes",""
"Crops","World","Production","Triticale","1965","tonnes",""
"Crops","World","Production","Triticale","1966","tonnes",""
"Crops","World","Production","Triticale","1967","tonnes",""
"Crops","World","Production","Triticale","1968","tonnes",""
"Crops","World","Production","Triticale","1969","tonnes",""
"Crops","World","Production","Triticale","1970","tonnes",""
"Crops","World","Production","Triticale","1971","tonnes",""
"Crops","World","Production","Triticale","1972","tonnes",""
"Crops","World","Production","Triticale","1973","tonnes",""
"Crops","World","Production","Triticale","1974","tonnes",""
"Crops","World","Production","Triticale","1975","tonnes","1200"
"Crops","World","Production","Triticale","1976","tonnes","2309"
"Crops","World","Production","Triticale","1977","tonnes","23213"
"Crops","World","Production","Triticale","1978","tonnes","49669"
"Crops","World","Production","Triticale","1979","tonnes","99054"
"Crops","World","Production","Triticale","1980","tonnes","167210"
"Crops","World","Production","Triticale","1981","tonnes","102280"
"Crops","World","Production","Triticale","1982","tonnes","86443"
"Crops","World","Production","Triticale","1983","tonnes","192464"
"Crops","World","Production","Triticale","1984","tonnes","374508"
"Crops","World","Production","Triticale","1985","tonnes","599060"
"Crops","World","Production","Triticale","1986","tonnes","913235"
"Crops","World","Production","Triticale","1987","tonnes","2062133"
"Crops","World","Production","Triticale","1988","tonnes","2904592"
"Crops","World","Production","Triticale","1989","tonnes","3835912"
"Crops","World","Production","Triticale","1990","tonnes","4453148"
"Crops","World","Production","Triticale","1991","tonnes","4742970"
"Crops","World","Production","Triticale","1992","tonnes","4411529"
"Crops","World","Production","Triticale","1993","tonnes","4977831"
"Crops","World","Production","Triticale","1994","tonnes","4759585"
"Crops","World","Production","Triticale","1995","tonnes","6193433"
"Crops","World","Production","Triticale","1996","tonnes","7448345"
"Crops","World","Production","Triticale","1997","tonnes","7933758"
"Crops","World","Production","Triticale","1998","tonnes","8775242"
"Crops","World","Production","Triticale","1999","tonnes","8311408"
"Crops","World","Production","Triticale","2000","tonnes","9111497"
"Crops","World","Production","Triticale","2001","tonnes","10825346"
"Crops","World","Production","Triticale","2002","tonnes","11962946"
"Crops","World","Production","Triticale","2003","tonnes","10518879"
"Crops","World","Production","Triticale","2004","tonnes","14240277"
"Crops","World","Production","Triticale","2005","tonnes","13312756"
"Crops","World","Production","Triticale","2006","tonnes","11703774"
"Crops","World","Production","Triticale","2007","tonnes","12123313"
"Crops","World","Production","Triticale","2008","tonnes","14240145"
"Crops","World","Production","Triticale","2009","tonnes","15664683"
"Crops","World","Production","Triticale","2010","tonnes","13740395"
"Crops","World","Production","Triticale","2011","tonnes","13556983"
"Crops","World","Production","Triticale","2012","tonnes","13651756"
"Crops","World","Production","Triticale","2013","tonnes","14463671"
"Crops","World","Production","Triticale","2014","tonnes","16953509"
"Crops","World","Production","Triticale","2015","tonnes","16340145"
"Crops","World","Production","Triticale","2016","tonnes","15228268"
"Crops","World","Production","Wheat","1961","tonnes","222357231"
"Crops","World","Production","Wheat","1962","tonnes","250319146"
"Crops","World","Production","Wheat","1963","tonnes","233339473"
"Crops","World","Production","Wheat","1964","tonnes","268791657"
"Crops","World","Production","Wheat","1965","tonnes","263645963"
"Crops","World","Production","Wheat","1966","tonnes","303785460"
"Crops","World","Production","Wheat","1967","tonnes","294295876"
"Crops","World","Production","Wheat","1968","tonnes","326843941"
"Crops","World","Production","Wheat","1969","tonnes","308640283"
"Crops","World","Production","Wheat","1970","tonnes","310740954"
"Crops","World","Production","Wheat","1971","tonnes","347525581"
"Crops","World","Production","Wheat","1972","tonnes","343001429"
"Crops","World","Production","Wheat","1973","tonnes","369334126"
"Crops","World","Production","Wheat","1974","tonnes","358825442"
"Crops","World","Production","Wheat","1975","tonnes","355806146"
"Crops","World","Production","Wheat","1976","tonnes","419868031"
"Crops","World","Production","Wheat","1977","tonnes","382276677"
"Crops","World","Production","Wheat","1978","tonnes","443844880"
"Crops","World","Production","Wheat","1979","tonnes","422999301"
"Crops","World","Production","Wheat","1980","tonnes","440187901"
"Crops","World","Production","Wheat","1981","tonnes","449633986"
"Crops","World","Production","Wheat","1982","tonnes","476768609"
"Crops","World","Production","Wheat","1983","tonnes","489555281"
"Crops","World","Production","Wheat","1984","tonnes","512330225"
"Crops","World","Production","Wheat","1985","tonnes","499527392"
"Crops","World","Production","Wheat","1986","tonnes","528685222"
"Crops","World","Production","Wheat","1987","tonnes","505075847"
"Crops","World","Production","Wheat","1988","tonnes","500656538"
"Crops","World","Production","Wheat","1989","tonnes","538206114"
"Crops","World","Production","Wheat","1990","tonnes","591330111"
"Crops","World","Production","Wheat","1991","tonnes","547820746"
"Crops","World","Production","Wheat","1992","tonnes","565111965"
"Crops","World","Production","Wheat","1993","tonnes","564739850"
"Crops","World","Production","Wheat","1994","tonnes","525435518"
"Crops","World","Production","Wheat","1995","tonnes","544357722"
"Crops","World","Production","Wheat","1996","tonnes","578616482"
"Crops","World","Production","Wheat","1997","tonnes","614651068"
"Crops","World","Production","Wheat","1998","tonnes","596175828"
"Crops","World","Production","Wheat","1999","tonnes","584763307"
"Crops","World","Production","Wheat","2000","tonnes","584999207"
"Crops","World","Production","Wheat","2001","tonnes","588243714"
"Crops","World","Production","Wheat","2002","tonnes","591981120"
"Crops","World","Production","Wheat","2003","tonnes","550053296"
"Crops","World","Production","Wheat","2004","tonnes","634873110"
"Crops","World","Production","Wheat","2005","tonnes","626943103"
"Crops","World","Production","Wheat","2006","tonnes","614538247"
"Crops","World","Production","Wheat","2007","tonnes","606681080"
"Crops","World","Production","Wheat","2008","tonnes","681015069"
"Crops","World","Production","Wheat","2009","tonnes","684192213"
"Crops","World","Production","Wheat","2010","tonnes","640327135"
"Crops","World","Production","Wheat","2011","tonnes","697697675"
"Crops","World","Production","Wheat","2012","tonnes","672724051"
"Crops","World","Production","Wheat","2013","tonnes","710956882"
"Crops","World","Production","Wheat","2014","tonnes","733534429"
"Crops","World","Production","Wheat","2015","tonnes","736984917"
"Crops","World","Production","Wheat","2016","tonnes","749460077"
